instant,dteday,season,yr,mnth,holiday,weekday,workingday,weathersit,temp,atemp,hum,windspeed,casual,registered,cnt
504,19-05-2019,2,1,5,0,0,0,1,24.6,28.3454,45.625,5.626325,3410,4884,8294
680,11-11-2019,4,1,11,0,1,1,1,17.254153,21.08565,65.9167,8.5425,2290,4562,6852
241,29-08-2018,3,0,8,0,3,1,1,26.103347,30.3979,55.4583,10.708275,729,3905,4634
22,22-01-2018,1,0,1,0,1,1,1,2.4243464,3.95348,40.0,11.52199,93,888,981
57,26-02-2018,1,0,2,0,1,1,1,11.5825,14.1096,53.7917,12.500257,424,1545,1969
482,27-04-2019,2,1,4,0,6,0,1,18.7575,22.63185,40.0833,23.291411,1014,5219,6233
119,29-04-2018,2,0,4,0,0,0,1,20.91,24.87315,45.7083,16.084221,878,3717,4595
483,28-04-2019,2,1,4,0,0,0,2,15.443347,18.8752,48.9583,8.708325,1120,3100,4220
495,10-05-2019,2,1,5,0,5,1,1,20.739153,24.58915,55.2083,21.042221,1026,5546,6572
98,08-04-2018,2,0,4,0,0,0,2,13.769153,16.22395,83.625,15.208464,172,1299,1471
398,02-02-2019,1,1,2,0,6,0,2,16.365847,19.94855,67.2917,12.541529,190,3571,3761
448,24-03-2019,2,1,3,0,0,0,2,20.6025,24.33665,88.5417,12.916461,1033,2339,3372
184,03-07-2018,3,0,7,0,2,1,2,29.383347,33.42875,68.25,15.333486,2282,2367,4649
677,08-11-2019,4,1,11,0,5,1,1,14.439134,17.09455,33.3478,23.304945,340,4975,5315
156,05-06-2018,2,0,6,0,2,1,2,26.581653,30.8402,65.25,9.292364,1685,3221,4906
128,08-05-2018,2,0,5,0,2,1,1,21.661653,25.94665,63.1667,5.0007125,1401,2932,4333
620,12-09-2019,3,1,9,0,4,1,1,24.565847,28.50375,57.7083,8.833682,1050,6820,7870
514,29-05-2019,2,1,5,0,3,1,1,29.6225,33.6496,68.4583,19.7918,880,4863,5743
426,02-03-2019,1,1,3,0,6,0,2,14.486653,17.9921,65.7083,9.708568,246,2948,3194
50,19-02-2018,1,0,2,0,1,1,1,16.365847,19.5702,18.7917,34.000021,532,1103,1635
527,11-06-2019,2,1,6,0,2,1,2,29.554153,32.98605,58.7917,13.916771,1017,5647,6664
693,24-11-2019,4,1,11,0,0,0,1,11.411653,12.4371,40.4583,25.250357,532,1745,2277
685,16-11-2019,4,1,11,0,6,0,1,14.145,17.3602,52.4583,11.458675,484,5214,5698
203,22-07-2018,3,0,7,0,0,0,1,34.781653,42.0448,58.0417,8.9177,562,2825,3387
21,21-01-2018,1,0,1,0,0,0,1,7.2775,7.89165,45.7083,23.667214,75,1468,1543
661,23-10-2019,4,1,10,0,3,1,1,22.310847,26.5152,64.1667,6.3345686,841,6625,7466
215,03-08-2018,3,0,8,0,5,1,2,29.998347,33.99685,65.75,9.084061,467,3107,3574
150,30-05-2018,2,0,5,1,3,0,1,30.066653,33.5546,68.5,8.792075,1549,2549,4098
393,28-01-2019,1,1,1,0,1,1,1,12.949153,16.31895,54.3333,14.125543,775,3248,4023
414,18-02-2019,1,1,2,0,1,1,1,14.213347,17.77125,53.4583,12.792243,1435,2883,4318
5,05-01-2018,1,0,1,0,5,1,1,9.305237,11.4635,43.6957,12.5223,82,1518,1600
722,23-12-2019,1,1,12,0,1,1,1,10.079153,12.97355,51.5417,8.916561,408,1379,1787
208,27-07-2018,3,0,7,0,5,1,1,31.775,34.53335,40.2917,12.292021,755,3901,4656
459,04-04-2019,2,1,4,0,4,1,1,22.208347,26.6725,46.9583,12.125325,1058,5378,6436
550,04-07-2019,3,1,7,1,4,0,1,32.355847,36.61685,53.875,9.04165,2562,4841,7403
660,22-10-2019,4,1,10,0,2,1,1,19.9875,24.1471,56.8333,5.4593811,830,6228,7058
138,18-05-2018,2,0,5,0,5,1,2,22.55,26.3579,87.0,13.499964,536,3319,3855
110,20-04-2018,2,0,4,0,5,1,1,24.395,28.2196,61.4167,16.208975,613,3331,3944
567,21-07-2019,3,1,7,0,0,0,3,24.429153,27.4956,86.5417,14.2911,1264,3195,4459
411,15-02-2019,1,1,2,0,5,1,1,14.281653,17.58145,53.125,12.1672,141,4028,4169
317,13-11-2018,4,0,11,0,2,1,1,18.074153,21.5275,45.8333,18.875307,1004,2713,3717
679,10-11-2019,4,1,11,0,0,0,1,15.955847,19.69685,64.5417,3.8756686,2090,4446,6536
326,22-11-2018,4,0,11,0,4,1,3,17.083347,21.0848,96.25,7.959064,69,1538,1607
592,15-08-2019,3,1,8,0,4,1,1,28.973347,32.70185,61.9583,11.374657,1198,6149,7347
610,02-09-2019,3,1,9,0,1,1,2,28.563347,32.45,81.5,4.2927436,2613,3197,5810
699,30-11-2019,4,1,11,0,6,0,1,12.231653,16.19335,64.9583,3.9175436,362,5306,5668
105,15-04-2018,2,0,4,1,0,0,1,18.313347,22.09565,67.125,15.167125,642,2484,3126
357,23-12-2018,1,0,12,0,0,0,1,15.306653,18.87565,68.625,18.374482,163,2046,2209
64,05-03-2018,1,0,3,0,1,1,2,15.750847,18.93895,78.9167,16.875357,640,1437,2077
62,03-03-2018,1,0,3,0,6,0,1,8.131653,10.00665,31.8333,15.125518,123,1562,1685
298,25-10-2018,4,0,10,0,4,1,1,19.338347,23.16875,62.2917,11.166086,695,3992,4687
710,11-12-2019,4,1,12,0,3,1,2,14.486653,16.91815,59.6667,19.834479,282,5219,5501
428,04-03-2019,1,1,3,0,1,1,1,13.359153,15.15105,40.3333,22.416257,710,2713,3423
603,26-08-2019,3,1,8,0,1,1,2,26.786653,29.7998,84.5833,15.333486,1483,3772,5255
84,25-03-2018,2,0,3,0,0,0,1,10.830847,12.8156,49.5,15.458575,300,1910,2210
125,05-05-2018,2,0,5,0,6,0,1,18.825847,22.09585,44.4167,19.791264,614,3819,4433
701,02-12-2019,4,1,12,0,1,1,2,14.2475,17.9604,82.3333,8.333393,892,3757,4649
582,05-08-2019,3,1,8,0,1,1,1,31.535847,36.55395,65.25,19.458207,1707,3757,5464
629,21-09-2019,3,1,9,0,6,0,1,24.565847,28.59855,66.875,10.333343,1250,6917,8167
478,23-04-2019,2,1,4,0,2,1,2,13.188347,15.05625,76.6667,20.334232,195,3019,3214
501,16-05-2019,2,1,5,0,4,1,1,26.103347,29.79875,69.7917,8.208304,991,6433,7424
275,02-10-2018,4,0,10,0,2,1,2,14.623347,17.26585,79.1667,14.874871,616,2302,2918
301,28-10-2018,4,0,10,0,0,0,2,13.564153,15.9406,58.5833,15.375093,456,3291,3747
434,10-03-2019,1,1,3,0,0,0,1,11.7875,13.88835,35.0417,15.12525,968,3150,4118
240,28-08-2018,3,0,8,0,2,1,1,28.989419,32.39795,56.1765,20.412153,1415,2919,4334
396,31-01-2019,1,1,1,0,4,1,1,15.99,19.06585,41.6667,17.541739,324,4185,4509
353,19-12-2018,4,0,12,0,3,1,1,11.343347,14.04665,63.75,11.584032,260,3143,3403
420,24-02-2019,1,1,2,0,0,0,2,16.7075,20.54855,73.75,15.916989,246,3241,3487
621,13-09-2019,3,1,9,0,5,1,1,25.1125,28.9779,63.7083,5.5422936,1054,6750,7804
166,15-06-2018,2,0,6,0,5,1,1,25.693347,29.3877,47.1667,11.250104,769,4411,5180
181,30-06-2018,3,0,6,0,6,0,1,28.563347,31.8504,43.4167,12.415904,1027,4488,5515
669,31-10-2019,4,1,10,0,4,1,2,14.6575,18.055,66.6667,11.166689,419,5147,5566
12,12-01-2018,1,0,1,0,5,1,1,7.081807,8.02365,59.9545,20.410009,25,1137,1162
116,26-04-2018,2,0,4,0,4,1,1,25.898347,29.70415,72.9167,21.8755,678,3722,4400
563,17-07-2019,3,1,7,0,3,1,1,33.551653,37.78415,50.5833,7.666743,921,5865,6786
524,08-06-2019,2,1,6,0,6,0,1,26.615847,29.8931,46.7917,11.750661,1488,6248,7736
525,09-06-2019,2,1,6,0,0,0,1,29.144153,32.41835,43.7083,9.667229,2708,4790,7498
269,26-09-2018,4,0,9,0,3,1,2,26.615847,29.4521,84.8333,7.4169,684,3946,4630
500,15-05-2019,2,1,5,0,3,1,2,25.078347,28.8202,79.4583,9.875264,625,4490,5115
199,18-07-2018,3,0,7,0,3,1,1,30.613347,35.19625,65.125,14.458868,841,3617,4458
585,08-08-2019,3,1,8,0,4,1,2,30.75,35.38585,67.2917,7.4169,1263,6271,7534
410,14-02-2019,1,1,2,0,4,1,2,13.085847,16.6973,50.875,9.458993,135,3787,3922
662,24-10-2019,4,1,10,0,4,1,1,24.0875,27.93605,63.625,4.8762064,795,6898,7693
58,27-02-2018,1,0,2,0,2,1,1,14.082598,17.55545,68.0,8.391616,694,1708,2402
219,07-08-2018,3,0,8,0,2,1,1,30.4425,35.7646,75.2917,13.499629,1298,2487,3785
418,22-02-2019,1,1,2,0,5,1,1,16.229153,19.63335,56.7917,15.709557,394,4379,4773
553,07-07-2019,3,1,7,0,0,0,1,35.328347,40.24565,49.2083,10.958118,1448,3392,4840
664,26-10-2019,4,1,10,0,6,0,2,22.379153,26.1375,80.7083,8.875289,1182,6262,7444
549,03-07-2019,3,1,7,0,3,1,1,32.014153,35.1325,49.2083,8.457879,1052,5608,6660
331,27-11-2018,4,0,11,0,2,1,1,18.825847,22.79,69.8333,13.999918,810,2261,3071
521,05-06-2019,2,1,6,0,3,1,2,22.174153,26.2946,61.3333,14.041525,968,6033,7001
55,24-02-2018,1,0,2,0,6,0,2,12.121732,14.45955,69.7391,16.783232,100,1707,1807
464,09-04-2019,2,1,4,0,2,1,1,20.055847,23.8319,31.75,23.999132,905,4680,5585
185,04-07-2018,3,0,7,1,3,0,2,29.793347,33.27085,63.7917,5.4591064,3065,2978,6043
321,17-11-2018,4,0,11,0,6,0,2,14.008347,16.16105,57.5833,20.459254,139,2914,3053
71,12-03-2018,1,0,3,0,1,1,1,13.495847,16.2875,59.4583,14.791925,724,1408,2132
522,06-06-2019,2,1,6,0,4,1,1,22.720847,27.1146,61.125,5.167375,1027,6028,7055
379,14-01-2019,1,1,1,0,1,1,1,7.38,9.15435,45.75,12.541261,333,2160,2493
727,28-12-2019,1,1,12,0,6,0,2,10.386653,12.7523,59.0,10.416557,644,2451,3095
354,20-12-2018,4,0,12,0,4,1,2,15.819153,19.8227,59.5417,4.1252436,216,3534,3750
520,04-06-2019,2,1,6,0,2,1,1,24.4975,28.91415,48.7083,19.083811,1071,5927,6998
67,08-03-2018,1,0,3,0,4,1,1,11.9925,15.12,42.0833,8.08355,316,1817,2133
74,15-03-2018,1,0,3,0,4,1,2,13.013031,15.9089,65.5652,12.348703,289,1767,2056
124,04-05-2018,2,0,5,0,5,1,2,16.980847,20.2325,73.7083,22.042732,255,2378,2633
718,19-12-2019,4,1,12,0,4,1,1,13.6325,17.1081,62.5417,12.334164,333,4934,5267
725,26-12-2019,1,1,12,0,4,1,3,9.976653,11.01665,82.3333,21.208582,9,432,441
260,17-09-2018,3,0,9,0,1,1,2,20.158347,23.9256,71.8333,12.708225,1434,3077,4511
345,11-12-2018,4,0,12,0,2,1,1,9.054153,12.6577,49.0,4.4582939,377,2366,2743
310,06-11-2018,4,0,11,0,2,1,1,14.281653,18.1179,73.4583,6.1676314,952,2697,3649
375,10-01-2019,1,1,1,0,4,1,1,12.656536,15.9413,64.6522,12.565984,173,3425,3598
408,12-02-2019,1,1,2,0,2,1,1,5.2275,5.0829,46.4583,27.417204,73,1456,1529
255,12-09-2018,3,0,9,0,3,1,1,26.418268,30.1065,69.2174,5.957171,690,4023,4713
373,08-01-2019,1,1,1,0,2,1,1,13.8375,17.0129,46.5,12.833314,599,2826,3425
54,23-02-2018,1,0,2,0,5,1,1,9.091299,12.28585,42.3043,6.305571,139,1778,1917
706,07-12-2019,4,1,12,0,6,0,2,13.154153,16.0979,76.4167,8.7502,349,4659,5008
231,19-08-2018,3,0,8,0,0,0,2,28.085,31.66105,72.2917,9.333636,797,3356,4153
316,12-11-2018,4,0,11,0,1,1,1,14.623347,17.8971,55.2917,14.208154,1275,2792,4067
147,27-05-2018,2,0,5,0,0,0,1,27.948347,31.8504,65.375,16.125493,871,3808,4679
666,28-10-2019,4,1,10,0,1,1,2,19.5775,23.38855,69.4583,26.666536,998,3461,4459
628,20-09-2019,3,1,9,0,5,1,1,22.413347,26.6096,61.8333,7.917189,939,6781,7720
438,14-03-2019,1,1,3,0,4,1,1,23.4725,27.43085,50.7083,7.709154,997,5315,6312
87,28-03-2018,2,0,3,0,3,1,1,10.838268,12.8787,30.2174,14.217668,222,1806,2028
220,08-08-2018,3,0,8,0,3,1,1,31.365,35.16415,59.2083,12.875725,846,3480,4326
570,24-07-2019,3,1,7,0,3,1,1,30.784153,35.3225,65.5,14.167418,1140,6452,7592
45,14-02-2018,1,0,2,0,3,1,1,17.015,19.9175,37.5833,27.999836,208,1705,1913
175,24-06-2018,3,0,6,0,0,0,1,29.690847,32.82915,57.3333,14.875675,969,4022,4991
515,30-05-2019,2,1,5,0,4,1,2,26.923347,30.55645,67.0,9.000043,745,6110,6855
503,18-05-2019,2,1,5,0,6,0,1,23.130847,27.55605,52.3333,9.166739,1521,6118,7639
140,20-05-2018,2,0,5,0,0,0,1,22.003347,26.4521,71.9583,8.375871,909,4008,4917
163,12-06-2018,2,0,6,0,2,1,1,28.3925,32.16625,74.7917,10.958989,1467,2993,4460
359,25-12-2018,1,0,12,0,2,1,1,11.266103,13.99805,68.1304,10.391097,303,451,754
399,03-02-2019,1,1,2,0,0,0,1,12.846653,15.4673,52.6667,11.959232,310,3841,4151
557,11-07-2019,3,1,7,0,4,1,1,29.383347,32.51355,63.3333,10.166111,975,6289,7264
377,12-01-2019,1,1,1,0,6,0,2,15.6825,19.0969,80.2917,12.124789,269,3828,4097
281,08-10-2018,4,0,10,0,1,1,1,21.388347,25.6621,70.125,3.0420814,2235,3174,5409
204,23-07-2018,3,0,7,0,1,1,1,34.815847,40.21435,50.0,8.791807,987,2298,3285
10,10-01-2018,1,0,1,0,3,1,1,6.184153,7.5444,48.2917,14.958889,41,1280,1321
350,16-12-2018,4,0,12,0,0,0,2,15.375,17.99125,50.0417,17.458525,178,3399,3577
352,18-12-2018,4,0,12,0,2,1,1,9.771653,12.27895,58.625,11.375193,220,2211,2431
263,20-09-2018,3,0,9,0,4,1,2,23.028347,26.61085,88.125,9.041918,438,3203,3641
271,28-09-2018,4,0,9,0,5,1,2,26.035,28.7579,84.875,9.958143,480,3427,3907
445,21-03-2019,2,1,3,0,4,1,2,21.798347,25.6629,82.125,6.0004061,1122,5108,6230
164,13-06-2018,2,0,6,0,3,1,1,26.035,30.0827,49.4583,20.45845,863,4157,5020
286,13-10-2018,4,0,10,0,6,0,2,24.155847,27.5902,89.6667,9.499729,290,2623,2913
518,02-06-2019,2,1,6,0,0,0,1,23.916653,28.3144,54.9167,12.499654,2795,5325,8120
600,23-08-2019,3,1,8,0,5,1,1,28.529153,31.8504,63.5833,5.6679186,1363,6402,7765
446,22-03-2019,2,1,3,0,5,1,1,22.720847,26.57835,83.125,7.876654,1334,5537,6871
561,15-07-2019,3,1,7,0,1,1,1,30.579153,35.2598,71.7917,11.166689,1920,4111,6031
100,10-04-2018,2,0,4,0,2,1,2,17.493347,21.33685,85.75,9.833389,1188,1707,2895
726,27-12-2019,1,1,12,0,5,1,2,10.420847,11.3321,65.2917,23.458911,247,1867,2114
292,19-10-2018,4,0,10,0,5,1,3,22.211299,25.6924,89.5217,16.303713,254,2170,2424
390,25-01-2019,1,1,1,0,5,1,1,12.060847,14.74105,64.375,10.791757,467,3803,4270
690,21-11-2019,4,1,11,0,4,1,1,14.486653,18.2446,61.375,6.917482,615,4531,5146
318,14-11-2018,4,0,11,0,3,1,1,21.73,26.2306,58.7083,20.541932,595,3891,4486
72,13-03-2018,1,0,3,0,2,1,1,15.758268,19.00455,52.7391,18.130468,982,1435,2417
167,16-06-2018,2,0,6,0,6,0,2,25.761653,29.7673,68.8333,13.833557,545,3222,3767
162,11-06-2018,2,0,6,0,1,1,1,29.725,33.9019,65.4583,10.37495,1729,3237,4966
131,11-05-2018,2,0,5,0,5,1,1,22.2425,26.42,63.2917,8.083014,550,3632,4182
137,17-05-2018,2,0,5,0,4,1,2,23.028347,26.92645,83.7917,18.582718,678,3445,4123
17,17-01-2018,1,0,1,1,3,0,2,7.209153,8.83855,53.75,12.999139,117,883,1000
114,24-04-2018,2,0,4,0,2,1,2,23.848347,27.58815,81.0833,12.875725,1710,2481,4191
8,08-01-2018,1,0,1,0,1,1,2,6.765,8.1127,53.5833,17.875868,68,891,959
196,15-07-2018,3,0,7,0,0,0,1,27.196653,31.21855,59.125,12.249811,1318,4220,5538
543,27-06-2019,3,1,6,0,4,1,1,28.5975,32.0396,36.0,18.208925,1077,6258,7335
174,23-06-2018,3,0,6,0,6,0,2,29.861653,34.69165,70.3333,15.999868,746,4044,4790
295,22-10-2018,4,0,10,0,1,1,1,17.3225,21.2746,62.9167,6.2086689,1499,2809,4308
627,19-09-2019,3,1,9,0,4,1,1,22.6525,27.0202,53.6667,14.416725,788,6803,7591
573,27-07-2019,3,1,7,0,6,0,1,32.048347,36.71085,59.4583,10.250464,1259,5645,6904
68,09-03-2018,1,0,3,0,5,1,2,12.129153,14.3304,77.5417,14.75005,191,1700,1891
205,24-07-2018,3,0,7,0,2,1,1,34.03,39.74145,55.0833,11.334457,1050,2556,3606
397,01-02-2019,1,1,2,0,5,1,1,19.235847,23.3269,50.7917,12.667489,304,4275,4579
383,18-01-2019,1,1,1,0,5,1,1,12.436653,13.7627,44.3333,27.833743,109,3267,3376
361,27-12-2018,1,0,12,0,4,1,2,13.325,16.38165,76.25,12.62615,103,1059,1162
195,14-07-2018,3,0,7,0,6,0,1,27.914153,31.7552,47.625,16.124689,888,4196,5084
305,01-11-2018,4,0,11,0,4,1,1,16.434153,19.8544,68.375,9.083257,410,3658,4068
517,01-06-2019,2,1,6,0,6,0,2,26.820847,30.3981,75.5417,15.916721,533,3594,4127
652,14-10-2019,4,1,10,0,1,1,1,21.388347,25.4102,64.0417,18.667004,2080,4559,6639
200,19-07-2018,3,0,7,0,4,1,1,31.843347,37.37395,65.0417,8.7502,752,3789,4541
539,23-06-2019,3,1,6,0,0,0,1,29.998347,32.6396,53.4583,12.041307,2657,4801,7458
330,26-11-2018,4,0,11,0,1,1,1,15.409153,19.25435,68.1667,4.5841936,1249,1819,3068
4,04-01-2018,1,0,1,0,4,1,1,8.2,10.6061,59.0435,10.739832,108,1454,1562
422,26-02-2019,1,1,2,0,2,1,1,11.445847,13.4154,41.0,13.750343,515,2874,3389
277,04-10-2018,4,0,10,0,4,1,1,19.850847,23.6429,71.0,13.792218,486,3970,4456
267,24-09-2018,4,0,9,0,1,1,2,24.873347,28.2206,86.25,5.2516811,1776,3647,5423
481,26-04-2019,2,1,4,0,5,1,2,20.431653,24.17915,75.6667,11.833875,475,4551,5026
230,18-08-2018,3,0,8,0,6,0,1,29.178347,33.1129,65.4583,15.624936,639,3166,3805
554,08-07-2019,3,1,7,0,1,1,1,33.7225,39.5198,57.375,8.417143,1203,3469,4672
526,10-06-2019,2,1,6,0,1,1,1,29.793347,33.17585,53.8333,8.959307,2224,4374,6598
529,13-06-2019,2,1,6,0,4,1,1,26.889153,30.55585,58.2083,22.999693,1173,6248,7421
702,03-12-2019,4,1,12,0,2,1,1,18.5525,22.7898,76.75,5.5422936,555,5679,6234
614,06-09-2019,3,1,9,0,5,1,2,28.563347,32.76645,81.0417,9.542207,611,5592,6203
392,27-01-2019,1,1,1,0,0,0,2,17.425,20.76915,74.125,22.958689,269,3187,3456
117,27-04-2018,2,0,4,0,5,1,2,25.42,28.7571,83.5417,20.9174,547,3325,3872
223,11-08-2018,3,0,8,0,6,0,1,29.4175,32.57605,42.375,11.041332,812,3980,4792
106,16-04-2018,2,0,4,0,1,1,3,17.664153,21.2746,88.8333,22.834136,121,674,795
590,13-08-2019,3,1,8,0,2,1,1,29.554153,33.1127,54.5417,9.126204,1207,5676,6883
201,20-07-2018,3,0,7,0,5,1,1,31.501653,37.3425,70.7083,7.625739,644,3688,4332
714,15-12-2019,4,1,12,0,0,0,1,13.290847,16.91915,65.0417,7.12545,767,4280,5047
593,16-08-2019,3,1,8,0,5,1,1,29.485847,32.7344,51.9167,9.500332,1338,6267,7605
343,09-12-2018,4,0,12,0,0,0,1,11.924153,15.8771,69.5833,5.5420189,261,3359,3620
644,06-10-2019,4,1,10,0,0,0,1,22.720847,26.92605,66.4167,17.957675,3031,4934,7965
528,12-06-2019,2,1,6,0,3,1,2,26.786653,29.89375,83.3333,14.374582,477,4495,4972
562,16-07-2019,3,1,7,0,2,1,1,31.296653,36.20625,64.5,11.000529,1088,5742,6830
437,13-03-2019,1,1,3,0,3,1,1,23.165,27.14645,61.75,15.87565,762,5085,5847
564,18-07-2019,3,1,7,0,4,1,1,32.526653,37.27915,57.7083,9.208614,799,4914,5713
288,15-10-2018,4,0,10,0,1,1,1,20.773347,24.93625,48.3333,17.291561,1899,3318,5217
35,04-02-2018,1,0,2,0,0,0,2,8.663464,11.42935,58.5217,8.565213,88,1620,1708
457,02-04-2019,2,1,4,0,2,1,1,17.790433,21.37565,50.4348,20.913313,1208,4728,5936
378,13-01-2019,1,1,1,0,0,0,1,11.240847,12.4681,50.75,25.333236,174,3040,3214
278,05-10-2018,4,0,10,0,5,1,1,22.071653,26.3569,64.7917,11.87575,559,4267,4826
15,15-01-2018,1,0,1,0,1,1,2,9.566653,12.4056,49.875,10.583521,222,1026,1248
382,17-01-2019,1,1,1,0,4,1,2,15.294763,18.2139,71.6087,23.39171,127,2808,2935
320,16-11-2018,4,0,11,0,5,1,3,18.723347,22.5994,93.0,9.167543,145,1672,1817
534,18-06-2019,2,1,6,0,2,1,2,23.301653,27.2421,77.7917,11.707982,653,4446,5099
431,07-03-2019,1,1,3,0,4,1,1,16.570847,19.255,51.3333,23.167193,432,4484,4916
99,09-04-2018,2,0,4,0,1,1,2,14.0425,17.07645,87.75,8.916561,879,1576,2455
653,15-10-2019,4,1,10,0,2,1,2,23.028347,26.9575,70.75,19.834479,760,5115,5875
349,15-12-2018,4,0,12,0,6,0,2,17.3225,20.61185,63.4167,17.958814,181,3528,3709
456,01-04-2019,2,1,4,0,1,1,2,17.459153,20.86435,67.625,11.541889,2347,3694,6041
95,05-04-2018,2,0,4,0,4,1,2,16.980847,19.9175,64.2083,26.000489,167,1628,1795
32,01-02-2018,1,0,2,0,4,1,2,7.879134,11.7265,82.9565,3.565271,47,1313,1360
441,17-03-2019,1,1,3,0,0,0,2,21.080847,25.2523,75.5833,7.417168,3155,4681,7836
474,19-04-2019,2,1,4,0,5,1,1,20.431653,24.6523,61.25,4.4172564,846,5719,6565
625,17-09-2019,3,1,9,0,2,1,2,23.814153,27.6525,73.4583,10.166714,1022,5847,6869
176,25-06-2018,3,0,6,0,1,1,1,28.495,32.16565,48.3333,14.041257,1782,3420,5202
545,29-06-2019,3,1,6,0,6,0,1,34.200847,39.33065,48.875,11.082939,829,4634,5463
107,17-04-2018,2,0,4,0,2,1,1,18.723347,22.2848,47.9583,20.334232,1558,2186,3744
612,04-09-2019,3,1,9,0,3,1,1,29.759153,34.3444,75.5,15.833507,867,5997,6864
252,09-09-2018,3,0,9,0,0,0,2,26.65,28.9473,89.7917,8.333393,417,3127,3544
682,13-11-2019,4,1,11,0,3,1,2,14.076653,16.16125,66.2917,22.917082,327,3767,4094
632,24-09-2019,4,1,9,0,2,1,1,21.080847,25.12565,49.2917,9.541068,1001,6435,7436
476,21-04-2019,2,1,4,0,0,0,1,23.37,27.14605,68.2917,19.000329,2541,4083,6624
328,24-11-2018,4,0,11,1,6,0,1,15.306653,18.62355,54.9167,11.209368,560,935,1495
615,07-09-2019,3,1,9,0,6,0,1,28.836653,32.8602,73.625,11.500282,1045,6459,7504
425,01-03-2019,1,1,3,0,5,1,1,19.919153,23.76855,61.5417,15.208129,325,4665,4990
712,13-12-2019,4,1,12,0,5,1,1,12.129153,14.7094,48.5833,11.666643,425,5107,5532
611,03-09-2019,3,1,9,1,2,0,1,29.0075,33.08145,79.0833,10.125107,1965,4069,6034
723,24-12-2019,1,1,12,0,2,1,2,9.483464,12.945,79.1304,5.1744368,174,746,920
424,28-02-2019,1,1,2,0,4,1,1,14.725847,17.67625,39.5833,12.958939,229,4134,4363
421,25-02-2019,1,1,2,0,1,1,1,11.924153,12.78375,39.5833,28.250014,317,2415,2732
210,29-07-2018,3,0,7,0,0,0,1,34.371653,39.29835,54.25,11.667246,670,3176,3846
471,16-04-2019,2,1,4,1,2,0,1,27.230847,30.74625,56.1667,19.083543,1198,5172,6370
717,18-12-2019,4,1,12,0,3,1,1,16.844153,20.4854,66.625,14.834068,433,5124,5557
214,02-08-2018,3,0,8,0,4,1,1,32.116653,35.35355,49.125,13.79195,801,4044,4845
406,10-02-2019,1,1,2,0,0,0,2,11.514153,14.6779,54.0,7.834243,227,3604,3831
454,30-03-2019,2,1,3,0,6,0,2,15.17,18.78105,58.0833,9.250489,796,4663,5459
102,12-04-2018,2,0,4,0,4,1,2,20.6025,24.6527,73.9167,18.416893,257,1777,2034
311,07-11-2018,4,0,11,0,3,1,1,16.195,20.04355,75.875,3.834075,373,3662,4035
536,20-06-2019,2,1,6,0,4,1,1,32.0825,36.04875,59.2083,7.625404,872,5339,6211
56,25-02-2018,1,0,2,0,0,0,2,14.938268,17.52305,71.2174,23.218113,120,1341,1461
69,10-03-2018,1,0,3,0,6,0,3,15.952731,19.2834,0.0,17.545759,46,577,623
42,11-02-2018,1,0,2,0,0,0,1,7.752731,10.67545,50.6364,7.27285,149,1597,1746
86,27-03-2018,2,0,3,0,2,1,2,10.374763,12.51695,49.3913,12.3481,472,1221,1693
552,06-07-2019,3,1,7,0,6,0,1,33.961653,37.62665,45.0833,9.791514,1366,4841,6207
401,05-02-2019,1,1,2,0,2,1,2,10.899153,13.22605,68.7917,11.791732,318,2629,2947
458,03-04-2019,2,1,4,0,3,1,1,19.133347,23.07415,39.6667,6.708911,1348,5424,6772
135,15-05-2018,2,0,5,0,2,1,2,23.0625,26.8,86.7083,10.249593,1582,2971,4553
197,16-07-2018,3,0,7,0,1,1,1,28.153347,31.91315,58.5,13.958914,2418,3505,5923
591,14-08-2019,3,1,8,0,3,1,1,29.793347,33.83895,68.6667,11.333586,1128,5656,6784
217,05-08-2018,3,0,8,0,0,0,1,29.144153,32.82835,63.0833,12.374632,1023,3843,4866
285,12-10-2018,4,0,10,0,5,1,3,22.276653,25.88585,90.625,16.62605,217,2199,2416
148,28-05-2018,2,0,5,0,1,1,1,26.889153,30.61895,72.9583,15.416164,2001,2757,4758
719,20-12-2019,4,1,12,0,5,1,2,13.53,16.76085,66.7917,8.875021,314,3814,4128
112,22-04-2018,2,0,4,0,0,0,2,13.803347,16.0977,72.9583,14.707907,177,1506,1683
598,21-08-2019,3,1,8,0,3,1,1,26.615847,30.05125,67.375,4.8756436,1081,5925,7006
636,28-09-2019,4,1,9,0,6,0,2,25.385847,29.29315,69.0,10.999993,1045,6370,7415
155,04-06-2018,2,0,6,0,1,1,1,26.035,29.7348,45.625,8.250514,1869,3473,5342
607,30-08-2019,3,1,8,0,5,1,1,28.973347,32.63895,59.0417,5.1668189,1172,6541,7713
306,02-11-2018,4,0,11,0,5,1,1,15.4775,19.50665,71.875,5.5001439,370,3816,4186
656,18-10-2019,4,1,10,0,5,1,2,21.4225,25.63125,72.8333,15.874779,1008,6501,7509
337,03-12-2018,4,0,12,0,1,1,1,12.265847,15.5302,61.2917,6.4174811,706,2908,3614
579,02-08-2019,3,1,8,0,5,1,1,30.8525,35.3544,65.9583,8.666718,983,6278,7261
268,25-09-2018,4,0,9,0,2,1,2,26.000847,28.63185,84.5,3.3754064,1544,3466,5010
443,19-03-2019,1,1,3,0,2,1,1,22.345,26.64105,72.875,10.875239,982,5171,6153
389,24-01-2019,1,1,1,0,4,1,1,14.0425,17.4554,83.5833,8.292389,439,3900,4339
491,06-05-2019,2,1,5,0,1,1,2,23.0625,27.33685,74.0,10.041893,2135,4224,6359
407,11-02-2019,1,1,2,0,1,1,3,9.190847,10.54335,73.125,19.416332,192,1977,2169
365,31-12-2018,1,0,12,0,1,1,1,16.81,20.70605,61.5833,14.750318,665,1820,2485
13,13-01-2018,1,0,1,0,6,0,1,6.765,7.54415,47.0417,20.167,38,1368,1406
63,04-03-2018,1,0,3,0,0,0,2,10.728347,12.78395,61.0417,13.624182,214,1730,1944
171,20-06-2018,2,0,6,0,3,1,2,26.035,29.7673,74.625,10.416825,699,3311,4010
182,01-07-2018,3,0,7,0,0,0,1,29.6225,32.6081,39.625,6.874736,1246,4116,5362
193,12-07-2018,3,0,7,0,4,1,1,32.560847,36.96375,55.9167,13.417018,662,3596,4258
190,09-07-2018,3,0,7,0,1,1,1,30.066653,33.2079,60.9167,11.250104,1988,3348,5336
113,23-04-2018,2,0,4,0,1,1,2,18.86,22.50605,88.7917,15.458575,1462,2574,4036
103,13-04-2018,2,0,4,0,5,1,2,16.9125,20.86415,81.9167,16.791339,209,1953,2162
415,19-02-2019,1,1,2,0,2,1,2,11.48,13.2894,51.5833,16.958504,618,2071,2689
78,19-03-2018,1,0,3,0,1,1,1,19.3725,23.32625,37.9167,24.667189,1424,1693,3117
191,10-07-2018,3,0,7,0,2,1,1,30.6475,34.50125,57.8333,12.292557,1743,3138,4881
649,11-10-2019,4,1,10,0,5,1,1,17.835,21.55835,46.3333,12.166932,834,6736,7570
480,25-04-2019,2,1,4,0,4,1,1,19.543347,23.51585,42.7917,7.959064,655,5541,6196
53,22-02-2018,1,0,2,0,4,1,1,7.471102,9.30165,57.7778,13.110761,74,1376,1450
29,29-01-2018,1,0,1,0,1,1,1,8.057402,10.6063,65.1739,9.739455,123,975,1098
66,07-03-2018,1,0,3,0,3,1,1,10.731299,11.92305,55.1304,22.870584,244,1628,1872
637,29-09-2019,4,1,9,0,0,0,1,22.2425,26.5148,54.2917,15.249468,2589,5966,8555
559,13-07-2019,3,1,7,0,6,0,2,29.998347,33.39665,48.5833,5.41695,1511,5988,7499
291,18-10-2018,4,0,10,0,4,1,2,21.8325,26.13605,70.1667,7.375829,637,4111,4748
540,24-06-2019,3,1,6,0,1,1,1,30.476653,33.7127,47.9167,9.750175,2551,4340,6891
640,02-10-2019,4,1,10,0,3,1,3,24.224153,27.11665,87.1667,6.999825,315,4324,4639
332,28-11-2018,4,0,11,0,3,1,1,20.642598,24.5061,74.3043,9.522174,253,3614,3867
83,24-03-2018,2,0,3,0,6,0,2,11.685,13.54165,80.5833,16.333729,166,1699,1865
601,24-08-2019,3,1,8,0,6,0,2,28.8025,32.355,61.5,4.8337686,1325,6257,7582
309,05-11-2018,4,0,11,0,1,1,1,13.393347,16.1927,51.9167,12.667154,1156,2770,3926
391,26-01-2019,1,1,1,0,6,0,2,14.008347,17.8025,76.9583,4.9175186,244,3831,4075
387,22-01-2019,1,1,1,0,2,1,2,6.6625,8.1125,79.625,13.375746,196,1781,1977
360,26-12-2018,1,0,12,1,3,0,1,13.191299,15.77675,50.6957,16.044155,430,887,1317
355,21-12-2018,1,0,12,0,5,1,2,17.561653,21.40085,85.8333,14.8338,107,2553,2660
535,19-06-2019,2,1,6,0,3,1,1,28.221653,32.7346,69.0,9.917139,968,5857,6825
160,09-06-2018,2,0,6,0,6,0,2,33.141653,37.87895,56.8333,10.042161,563,3352,3915
511,26-05-2019,2,1,5,0,0,0,1,28.3925,32.1348,73.25,13.332464,2855,3681,6536
245,02-09-2018,3,0,9,0,0,0,2,26.376653,30.2404,72.7083,9.375243,875,3852,4727
571,25-07-2019,3,1,7,0,4,1,1,29.690847,32.7027,45.0,11.0416,1383,6790,8173
655,17-10-2019,4,1,10,0,4,1,1,18.689153,22.5054,69.2917,6.791857,979,6482,7461
489,04-05-2019,2,1,5,0,6,0,1,25.7275,29.54585,73.5417,10.916846,1069,5227,6296
127,07-05-2018,2,0,5,0,1,1,1,21.32,25.63105,54.125,10.75015,1612,3102,4714
233,21-08-2018,3,0,8,0,2,1,1,29.144153,33.77625,77.0,16.666518,1249,2624,3873
212,31-07-2018,3,0,7,0,2,1,1,33.039153,36.4898,48.0833,11.042471,1524,2778,4302
323,19-11-2018,4,0,11,0,1,1,1,13.495847,16.22415,50.2083,15.041232,943,2720,3663
362,28-12-2018,1,0,12,0,5,1,1,12.26433,13.9987,50.3913,19.695387,255,2047,2302
568,22-07-2019,3,1,7,0,1,1,2,27.3675,31.15625,76.25,6.2926936,2544,4866,7410
293,20-10-2018,4,0,10,0,6,0,1,19.509153,23.32625,63.625,28.292425,471,3724,4195
213,01-08-2018,3,0,8,0,3,1,1,31.638347,35.1646,55.0833,10.500039,729,3537,4266
266,23-09-2018,4,0,9,0,0,0,2,24.975847,26.10625,97.25,5.2505689,258,2137,2395
104,14-04-2018,2,0,4,0,6,0,1,19.1675,23.1371,54.0417,7.4169,529,2738,3267
705,06-12-2019,4,1,12,0,5,1,1,10.489153,12.9102,50.875,11.708518,340,5035,5375
484,29-04-2019,2,1,4,0,1,1,1,18.791653,22.50605,58.7083,7.832836,2229,4075,6304
498,13-05-2019,2,1,5,0,1,1,1,25.1125,29.2619,57.625,15.082839,2172,3946,6118
334,30-11-2018,4,0,11,0,5,1,1,13.325,15.56105,61.3333,18.167586,188,3425,3613
537,21-06-2019,3,1,6,0,5,1,1,33.039153,37.6271,56.7917,7.958729,778,5127,5905
9,09-01-2018,1,0,1,0,2,1,1,5.671653,5.80875,43.4167,24.25065,54,768,822
648,10-10-2019,4,1,10,0,4,1,1,21.080847,25.1571,63.0833,12.584007,780,6911,7691
455,31-03-2019,2,1,3,0,0,0,2,17.390847,21.0854,73.8333,16.791339,2301,3934,6235
259,16-09-2018,3,0,9,0,0,0,2,19.235847,23.07375,59.0417,11.000261,742,4018,4760
229,17-08-2018,3,0,8,0,5,1,1,29.656653,33.33355,57.5417,9.625689,668,4026,4694
238,26-08-2018,3,0,8,0,0,0,1,28.7,32.98665,76.125,5.6254875,768,3893,4661
670,01-11-2019,4,1,11,0,5,1,2,14.999153,18.4971,58.1667,10.542182,466,5520,5986
695,26-11-2019,4,1,11,0,2,1,1,12.846653,16.9502,53.5417,3.12555,337,4750,5087
183,02-07-2018,3,0,7,0,1,1,1,30.271653,33.3654,44.4583,7.709154,2204,2915,5119
513,28-05-2019,2,1,5,1,2,0,1,29.2125,33.965,67.625,13.166907,2557,3486,6043
698,29-11-2019,4,1,11,0,5,1,1,11.51567,14.9211,55.5652,7.739974,243,5080,5323
198,17-07-2018,3,0,7,0,2,1,1,29.485847,33.49165,60.4167,16.417211,2006,3296,5302
282,09-10-2018,4,0,10,0,2,1,1,22.174153,26.19915,72.75,4.25115,2397,3114,5511
158,07-06-2018,2,0,6,0,4,1,1,29.0075,32.7975,59.7917,12.583136,763,4070,4833
463,08-04-2019,2,1,4,0,1,1,1,20.5,24.62125,27.5833,15.583932,2230,2939,5169
452,28-03-2019,2,1,3,0,4,1,1,19.850847,23.5475,48.125,19.541957,674,5024,5698
696,27-11-2019,4,1,11,0,3,1,2,11.958347,14.0779,78.6667,15.916654,123,3836,3959
651,13-10-2019,4,1,10,0,0,0,1,16.126653,19.5698,49.4583,9.791514,2252,4857,7109
108,18-04-2018,2,0,4,0,3,1,1,21.0125,25.1573,54.25,10.958989,669,2760,3429
487,02-05-2019,2,1,5,0,4,1,1,23.130847,26.8948,79.7083,9.249886,667,5502,6169
51,20-02-2018,1,0,2,0,2,1,1,11.693897,13.8665,40.7826,14.956745,639,1173,1812
188,07-07-2018,3,0,7,0,6,0,1,30.75,34.34355,65.125,10.6664,754,3838,4592
342,08-12-2018,4,0,12,0,6,0,1,10.899153,12.8469,58.0,16.083886,150,3172,3322
416,20-02-2019,1,1,2,1,3,0,1,11.48,13.66955,50.7826,15.348561,502,2627,3129
165,14-06-2018,2,0,6,0,4,1,1,24.770847,29.5773,50.7083,18.041961,727,4164,4891
367,02-01-2019,1,1,1,1,3,0,1,11.194763,12.6152,38.1304,22.087555,244,1707,1951
23,23-01-2018,1,0,1,0,2,1,1,3.9573897,4.941955,43.6522,16.5222,150,836,986
319,15-11-2018,4,0,11,0,4,1,2,21.73,25.37895,68.875,13.375411,449,3746,4195
235,23-08-2018,3,0,8,0,4,1,1,26.274153,30.30335,45.5417,9.833121,1281,4614,5895
490,05-05-2019,2,1,5,0,0,0,2,25.488347,29.2304,75.6667,10.250464,2496,4387,6883
169,18-06-2018,2,0,6,0,1,1,1,28.563347,32.1977,67.0417,8.000336,1807,3312,5119
236,24-08-2018,3,0,8,0,5,1,1,27.606653,31.5346,60.5,16.958236,949,4181,5130
356,22-12-2018,1,0,12,0,6,0,2,17.356653,21.30605,75.75,3.167425,227,2841,3068
70,11-03-2018,1,0,3,0,0,0,2,12.977402,15.25,64.9565,15.60899,247,1730,1977
402,06-02-2019,1,1,2,0,3,1,1,11.586969,14.8213,62.2174,10.3046,206,3578,3784
187,06-07-2018,3,0,7,0,5,1,1,29.52,34.28165,74.3333,10.042161,784,3845,4629
624,16-09-2019,3,1,9,0,1,1,1,23.78,28.15625,57.0,6.0422811,2166,5167,7333
439,15-03-2019,1,1,3,0,5,1,1,22.8575,26.64125,57.9583,10.042161,1005,5187,6192
369,04-01-2019,1,1,1,0,5,1,2,4.4075,5.96685,41.4583,12.3749,95,2273,2368
152,01-06-2018,2,0,6,0,5,1,2,31.330847,36.04835,67.7083,13.875164,513,3461,3974
688,19-11-2019,4,1,11,0,2,1,2,15.614153,18.78105,62.3333,15.749489,449,5050,5499
613,05-09-2019,3,1,9,0,4,1,1,30.203347,35.44915,74.125,12.583136,832,6280,7112
30,30-01-2018,1,0,1,0,2,1,1,8.877402,12.5161,72.2174,4.9568342,140,956,1096
239,27-08-2018,3,0,8,0,1,1,2,27.88,31.7778,85.0,25.166339,226,889,1115
687,18-11-2019,4,1,11,0,1,1,1,14.0425,16.8873,69.2917,15.250004,922,3747,4669
324,20-11-2018,4,0,11,0,2,1,2,18.996653,22.8529,68.4583,12.45865,787,2733,3520
686,17-11-2019,4,1,11,0,0,0,1,13.325,16.31915,54.5417,12.041843,1313,4316,5629
619,11-09-2019,3,1,9,0,3,1,1,23.6775,27.7146,52.0,6.1676314,1070,6697,7767
380,15-01-2019,1,1,1,0,2,1,1,6.833347,8.08125,41.9167,16.834286,284,2027,2311
516,31-05-2019,2,1,5,0,5,1,1,27.88,31.56645,49.2917,13.083693,1100,6238,7338
31,31-01-2018,1,0,1,0,3,1,2,7.414153,9.3125,60.375,12.541864,42,1459,1501
708,09-12-2019,4,1,12,0,1,1,2,15.750847,19.5073,90.5417,10.584325,441,2787,3228
351,17-12-2018,4,0,12,0,1,1,2,10.591653,12.46855,56.0833,16.292189,275,2464,2739
683,14-11-2019,4,1,11,0,4,1,1,11.855847,14.07815,55.2083,13.374875,373,5122,5495
52,21-02-2018,1,0,2,1,3,0,2,12.436653,14.20375,60.5,20.625682,195,912,1107
508,23-05-2019,2,1,5,0,4,1,2,25.488347,29.2306,77.4583,6.834,766,4494,5260
37,06-02-2018,1,0,2,0,2,1,1,11.719153,14.58355,56.8333,9.5006,354,1269,1623
79,20-03-2018,1,0,3,0,2,1,1,13.6325,16.2875,47.375,13.917307,1047,1424,2471
14,14-01-2018,1,0,1,0,0,0,1,6.59567,9.42065,53.7826,8.478716,54,1367,1421
59,28-02-2018,1,0,2,0,3,1,2,16.698193,20.0059,87.6364,19.408962,81,1365,1446
234,22-08-2018,3,0,8,0,3,1,1,28.358347,31.9127,47.0,18.54225,833,3925,4758
555,09-07-2019,3,1,7,0,2,1,2,29.144153,32.7027,68.3333,12.125325,998,5571,6569
626,18-09-2019,3,1,9,0,3,1,2,25.556653,28.25335,87.25,23.958329,371,3702,4073
413,17-02-2019,1,1,2,0,0,0,1,14.076653,17.58145,63.4583,13.791682,349,3805,4154
479,24-04-2019,2,1,4,0,3,1,1,16.946653,20.26415,45.4167,16.708661,518,5115,5633
194,13-07-2018,3,0,7,0,5,1,1,30.613347,34.4702,63.1667,9.790911,748,3594,4342
385,20-01-2019,1,1,1,0,0,0,2,8.9175,11.0479,45.0,13.58425,115,3048,3163
405,09-02-2019,1,1,2,0,6,0,1,10.865,13.0994,56.2083,13.000479,163,3667,3830
46,15-02-2018,1,0,2,0,4,1,1,10.909567,12.7137,31.4348,19.522058,140,1675,1815
488,03-05-2019,2,1,5,0,5,1,2,22.96,26.8621,76.8333,8.957632,764,5657,6421
25,25-01-2018,1,0,1,0,4,1,2,9.162598,11.7263,61.6957,8.696332,186,1799,1985
472,17-04-2019,2,1,4,0,3,1,1,24.941653,29.92435,39.0417,18.333143,989,5702,6691
257,14-09-2018,3,0,9,0,5,1,1,27.606653,31.345,69.7083,11.2091,647,4138,4785
665,27-10-2019,4,1,10,0,0,0,2,21.73,25.75665,72.0,15.791364,2643,5209,7852
492,07-05-2019,2,1,5,0,2,1,2,22.0375,26.3571,66.4167,15.458307,1008,5265,6273
548,02-07-2019,3,1,7,0,2,1,1,32.048347,35.1019,44.7083,13.082889,904,5323,6227
247,04-09-2018,3,0,9,0,2,1,1,29.075847,33.27145,74.2083,13.833289,2521,2419,4940
123,03-05-2018,2,0,5,0,4,1,2,25.283347,29.10395,69.7083,22.958689,603,3848,4451
207,26-07-2018,3,0,7,0,4,1,1,31.638347,34.84895,54.0833,13.417286,750,3840,4590
177,26-06-2018,3,0,6,0,2,1,1,27.88,31.88145,51.3333,6.3337311,1920,3385,5305
594,17-08-2019,3,1,8,0,6,0,1,29.656653,12.12,57.0833,15.500718,1483,5665,7148
1,01-01-2018,1,0,1,0,1,1,2,14.110847,18.18125,80.5833,10.749882,331,654,985
227,15-08-2018,3,0,8,0,3,1,1,27.299153,30.80835,71.2083,13.999918,775,3563,4338
691,22-11-2019,4,1,11,1,5,0,1,13.94,17.51855,58.0417,3.5423436,955,1470,2425
250,07-09-2018,3,0,9,0,5,1,3,24.565847,27.21145,91.7083,6.5003936,118,1878,1996
470,15-04-2019,2,1,4,0,1,1,1,24.873347,28.69375,50.7917,15.083643,2846,4286,7132
109,19-04-2018,2,0,4,0,4,1,2,20.739153,24.4629,66.5833,10.584057,409,2795,3204
427,03-03-2019,1,1,3,0,0,0,2,16.980847,20.6746,62.125,10.792293,956,3110,4066
6,06-01-2018,1,0,1,0,6,0,1,8.378268,11.66045,51.8261,6.0008684,88,1518,1606
261,18-09-2018,3,0,9,0,2,1,1,20.8075,24.52685,69.5,11.958361,1353,2921,4274
703,04-12-2019,4,1,12,0,3,1,1,19.509153,23.4527,73.375,11.666643,551,6055,6606
314,10-11-2018,4,0,11,0,6,0,2,15.58,18.68605,81.3333,12.667489,190,2743,2933
60,01-03-2018,1,0,3,0,4,1,1,10.933347,13.19395,53.5,14.500475,137,1714,1851
346,12-12-2018,4,0,12,0,3,1,1,9.771653,13.5098,67.0833,4.25115,143,3167,3310
48,17-02-2018,1,0,2,0,6,0,1,17.869153,21.4329,50.5,15.416968,259,2216,2475
635,27-09-2019,4,1,9,0,5,1,2,26.65,30.39875,69.0833,9.000914,751,6642,7393
303,30-10-2018,4,0,10,0,2,1,1,13.085847,16.06645,62.375,11.833339,885,2446,3331
588,11-08-2019,3,1,8,0,0,0,2,28.3925,31.91335,73.2917,13.834093,2247,4052,6299
287,14-10-2018,4,0,10,0,0,0,2,22.584153,26.48375,71.625,15.000161,529,3115,3644
657,19-10-2019,4,1,10,0,6,0,2,23.096653,26.8948,81.5,9.041918,753,4671,5424
623,15-09-2019,3,1,9,0,0,0,1,24.941653,29.29335,50.1667,16.583907,3160,5554,8714
313,09-11-2018,4,0,11,0,5,1,1,16.4,20.45395,75.8333,4.1671186,305,3804,4109
709,10-12-2019,4,1,12,0,2,1,2,17.869153,21.77875,92.5,12.750636,329,4841,5170
707,08-12-2019,4,1,12,0,0,0,2,15.648347,19.4754,91.125,6.792393,1153,4429,5582
608,31-08-2019,3,1,8,0,6,0,1,31.330847,34.47,58.75,11.291711,1433,5917,7350
460,05-04-2019,2,1,4,0,5,1,1,17.835,21.55815,37.4167,14.708443,1192,5265,6457
461,06-04-2019,2,1,4,0,6,0,1,16.536653,19.53835,37.7083,20.125996,1807,4653,6460
384,19-01-2019,1,1,1,0,6,0,1,7.79,9.5019,49.75,14.750586,130,3162,3292
18,18-01-2018,1,0,1,0,4,1,2,8.883347,11.61665,86.1667,9.833925,9,674,683
595,18-08-2019,3,1,8,0,0,0,1,27.811653,30.90355,60.3333,11.917089,2827,5038,7865
43,12-02-2018,1,0,2,0,1,1,1,9.1225,11.6477,54.4167,13.625589,288,1184,1472
641,03-10-2019,4,1,10,0,4,1,2,26.9575,29.95665,79.375,4.4585686,728,6844,7572
675,06-11-2019,4,1,11,0,3,1,1,11.514153,14.07835,56.7083,11.625371,466,5220,5686
647,09-10-2019,4,1,10,0,3,1,2,18.313347,21.9056,76.1667,12.7501,601,5791,6392
700,01-12-2019,4,1,12,0,0,0,2,12.231653,15.8452,80.6667,4.0001814,951,4240,5191
512,27-05-2019,2,1,5,0,1,1,1,28.29,32.07125,69.7083,14.416457,3283,3308,6591
77,18-03-2018,1,0,3,0,0,0,1,22.14,26.35045,52.5217,15.478139,884,2355,3239
142,22-05-2018,2,0,5,0,2,1,1,24.770847,28.725,74.9583,9.916536,1576,3084,4660
720,21-12-2019,1,1,12,0,6,0,2,13.393347,15.08835,55.6667,25.083661,221,3402,3623
586,09-08-2019,3,1,8,0,5,1,1,30.989153,34.9754,62.0417,10.4587,1196,6090,7286
617,09-09-2019,3,1,9,0,1,1,1,25.01,28.94625,54.75,15.041232,2570,5657,8227
153,02-06-2018,2,0,6,0,6,0,1,29.315,32.1971,30.5,19.583229,736,4232,4968
33,02-02-2018,1,0,2,0,5,1,2,10.66,12.72085,77.5417,17.708636,72,1454,1526
16,16-01-2018,1,0,1,0,2,1,1,9.498347,11.71085,48.375,12.625011,251,953,1204
436,12-03-2019,1,1,3,0,2,1,1,19.133347,22.9796,48.9167,13.916771,838,4460,5298
499,14-05-2019,2,1,5,0,2,1,2,23.506653,27.495,78.9583,14.250364,342,2501,2843
506,21-05-2019,2,1,5,0,2,1,2,24.531653,28.28335,81.125,15.624668,630,3729,4359
404,08-02-2019,1,1,2,0,5,1,2,10.523347,13.32105,72.2917,8.959307,109,2693,2802
451,27-03-2019,2,1,3,0,3,1,1,13.256653,15.7827,29.0,12.541864,531,4571,5102
36,05-02-2018,1,0,2,0,1,1,2,9.566653,12.1529,92.9167,10.792293,100,905,1005
226,14-08-2018,3,0,8,0,2,1,2,27.743347,31.2194,81.75,14.916411,1338,2482,3820
173,22-06-2018,3,0,6,0,5,1,1,30.066653,34.69145,70.75,11.541554,661,3846,4507
242,30-08-2018,3,0,8,0,4,1,1,26.205847,29.7352,54.8333,8.375536,775,4429,5204
530,14-06-2019,2,1,6,0,5,1,1,26.581653,31.21915,56.9583,17.000111,1180,6183,7363
344,10-12-2018,4,0,12,0,1,1,1,11.275,13.3206,50.75,15.625807,502,2688,3190
157,06-06-2018,2,0,6,0,3,1,1,27.811653,31.0929,60.0,8.167032,673,3875,4548
654,16-10-2019,4,1,10,0,3,1,1,19.201653,23.0423,55.8333,12.208807,922,6612,7534
642,04-10-2019,4,1,10,0,5,1,2,26.9575,30.39875,72.2917,7.875582,891,6437,7328
645,07-10-2019,4,1,10,0,1,1,2,17.049153,20.99065,70.8333,9.457854,781,2729,3510
507,22-05-2019,2,1,5,0,3,1,2,25.215,29.04125,76.5833,7.917189,819,5254,6073
715,16-12-2019,4,1,12,0,1,1,2,14.8625,18.4969,83.875,6.749714,538,3248,3786
556,10-07-2019,3,1,7,0,3,1,2,29.554153,33.2398,66.75,10.166379,954,5336,6290
216,04-08-2018,3,0,8,0,6,0,2,29.11,33.2394,75.75,13.20905,799,3777,4576
209,28-07-2018,3,0,7,0,6,0,1,31.945847,36.995,58.3333,11.958093,606,3784,4390
65,06-03-2018,1,0,3,0,2,1,2,15.437402,18.3126,94.8261,23.000229,114,491,605
11,11-01-2018,1,0,1,0,4,1,2,6.932731,9.5732,68.6364,8.182844,43,1220,1263
179,28-06-2018,3,0,6,0,4,1,1,30.510847,34.6279,63.4167,9.666961,732,3916,4648
253,10-09-2018,3,0,9,0,1,1,1,27.06,30.3981,75.375,10.291736,1750,3595,5345
606,29-08-2019,3,1,8,0,4,1,1,28.085,31.78665,55.2083,7.541654,1177,6520,7697
604,27-08-2019,3,1,8,0,2,1,1,28.836653,32.7344,73.0417,8.625111,989,5928,6917
262,19-09-2018,3,0,9,0,3,1,2,22.515847,26.48375,69.0,10.166714,691,3848,4539
101,11-04-2018,2,0,4,0,3,1,2,24.421732,28.26085,71.6956,21.739758,855,2493,3348
168,17-06-2018,2,0,6,0,0,0,1,26.615847,30.01915,73.5833,9.582943,863,3981,4844
578,01-08-2019,3,1,8,0,4,1,1,29.4175,33.3654,67.75,9.458993,1074,6506,7580
315,11-11-2018,4,0,11,1,0,0,1,13.290847,15.34085,44.625,21.083225,440,2928,3368
519,03-06-2019,2,1,6,0,1,1,1,24.7025,28.75665,49.3333,12.333829,2494,5147,7641
634,26-09-2019,4,1,9,0,4,1,1,26.035,29.83065,63.0833,16.3748,787,6946,7733
447,23-03-2019,2,1,3,0,6,0,2,24.668347,28.50335,69.4167,7.7921,2469,5893,8362
678,09-11-2019,4,1,11,0,6,0,1,14.828347,17.77065,54.0833,14.375386,709,5283,5992
368,03-01-2019,1,1,1,0,4,1,1,6.15,6.31375,44.125,24.499957,89,2147,2236
146,26-05-2018,2,0,5,0,6,0,1,29.041653,32.7344,67.75,13.376014,758,3919,4677
363,29-12-2018,1,0,12,0,6,0,1,10.181653,13.1946,57.4167,8.000604,254,2169,2423
643,05-10-2019,4,1,10,0,6,0,1,25.215,29.00935,62.75,7.12545,1516,6640,8156
672,03-11-2019,4,1,11,0,0,0,2,14.076653,16.1923,49.125,18.125443,1029,4109,5138
322,18-11-2018,4,0,11,0,0,0,1,11.240847,13.63605,41.0,11.291711,245,3147,3392
186,05-07-2018,3,0,7,0,4,1,1,30.613347,34.8169,59.0417,8.459286,1031,3634,4665
133,13-05-2018,2,0,5,0,0,0,2,21.0125,24.715,86.3333,12.041575,692,3413,4105
631,23-09-2019,4,1,9,0,1,1,1,21.695847,25.94665,46.7083,14.958286,2454,5453,7907
120,30-04-2018,2,0,4,0,1,1,1,19.3725,23.20105,50.3333,15.750025,1965,3347,5312
716,17-12-2019,4,1,12,0,2,1,2,16.126653,20.075,90.7083,6.5833061,212,4373,4585
39,08-02-2018,1,0,2,0,4,1,1,9.054153,9.9123,53.7917,24.25065,64,1466,1530
494,09-05-2019,2,1,5,0,4,1,2,23.575,27.65125,74.4167,14.499604,620,4097,4717
671,02-11-2019,4,1,11,0,6,0,1,14.555,17.8021,52.2083,17.833725,618,5229,5847
339,05-12-2018,4,0,12,0,3,1,2,15.819153,19.69625,82.7083,4.1679561,233,3578,3811
85,26-03-2018,2,0,3,0,1,1,1,10.899153,12.87855,39.4167,14.041257,981,1515,2496
225,13-08-2018,3,0,8,0,1,1,2,28.119153,32.2929,72.9583,14.167418,1504,2646,4150
20,20-01-2018,1,0,1,0,6,0,2,10.728347,12.7525,53.8333,13.125568,83,1844,1927
73,14-03-2018,1,0,3,0,3,1,1,13.333897,16.6,49.6957,9.174042,359,1687,2046
419,23-02-2019,1,1,2,0,6,0,1,18.620847,22.2223,55.4583,12.791171,516,4546,5062
76,17-03-2018,1,0,3,0,6,0,1,17.015,20.51665,60.2917,14.041793,424,2320,2744
381,16-01-2019,1,1,1,1,3,0,1,7.79,9.53315,52.25,15.500986,217,2081,2298
386,21-01-2019,1,1,1,0,1,1,2,7.106653,8.74375,83.125,14.917014,67,1234,1301
453,29-03-2019,2,1,3,0,5,1,1,20.260847,24.1152,43.9167,21.41655,834,5299,6133
265,22-09-2018,3,0,9,0,6,0,2,25.761653,27.74815,90.2083,8.584375,555,4240,4795
41,10-02-2018,1,0,2,0,6,0,1,5.918268,7.4774,43.7391,14.869645,47,1491,1538
429,05-03-2019,1,1,3,0,2,1,1,9.976653,12.05855,50.625,15.333486,203,3130,3333
161,10-06-2018,2,0,6,0,0,0,1,30.955,35.1646,60.5,9.417118,815,3771,4586
111,21-04-2018,2,0,4,0,6,0,1,18.825847,22.6946,40.7083,21.792286,745,3444,4189
304,31-10-2018,4,0,10,0,3,1,1,13.94,17.80315,70.3333,7.12545,362,3307,3669
694,25-11-2019,4,1,11,0,1,1,1,10.079153,12.87915,46.8333,10.0835,309,2115,2424
49,18-02-2018,1,0,2,0,0,0,1,21.388347,25.59915,51.6667,17.749975,579,2348,2927
510,25-05-2019,2,1,5,0,6,0,1,27.88,31.37645,74.7083,9.41685,1417,5317,6734
19,19-01-2018,1,0,1,0,5,1,2,11.979134,14.9211,74.1739,13.957239,78,1572,1650
44,13-02-2018,1,0,2,0,2,1,1,12.977402,16.20565,45.7391,17.479161,397,1192,1589
274,01-10-2018,4,0,10,0,1,1,2,16.81,20.64315,75.375,19.583832,480,1949,2429
444,20-03-2019,1,1,3,0,3,1,1,22.994153,26.92665,80.7917,8.125157,1051,5042,6093
91,01-04-2018,2,0,4,0,0,0,2,12.3,14.1727,68.625,17.333436,307,1920,2227
276,03-10-2018,4,0,10,0,3,1,2,15.750847,19.6023,76.0833,5.5841686,330,3240,3570
673,04-11-2019,4,1,11,0,1,1,1,13.359153,16.4769,53.2917,12.000236,1201,3906,5107
115,25-04-2018,2,0,4,0,3,1,1,24.873347,28.725,77.6667,12.417311,773,3300,4073
329,25-11-2018,4,0,11,0,0,0,1,15.375,19.03355,64.375,6.6260186,1095,1697,2792
581,04-08-2019,3,1,8,0,0,0,1,32.526653,37.56335,61.3333,17.249686,2345,4479,6824
466,11-04-2019,2,1,4,0,4,1,1,14.296536,16.8637,46.9565,19.783358,482,4380,4862
132,12-05-2018,2,0,5,0,6,0,1,21.935,26.16815,74.75,12.707689,695,4169,4864
2,02-01-2018,1,0,1,0,2,1,2,14.902598,17.68695,69.6087,16.652113,131,670,801
228,16-08-2018,3,0,8,0,4,1,1,28.734153,32.29185,57.8333,15.834043,721,4004,4725
134,14-05-2018,2,0,5,0,1,1,2,21.354153,25.03145,92.25,9.04165,902,2507,3409
249,06-09-2018,3,0,9,0,4,1,3,22.14,25.76,88.6957,23.044181,204,2506,2710
284,11-10-2018,4,0,10,0,4,1,2,23.233347,27.3048,80.875,9.583814,667,3896,4563
497,12-05-2019,2,1,5,0,0,0,1,23.130847,27.24085,48.0417,8.249911,2622,4807,7429
681,12-11-2019,4,1,11,1,2,0,1,19.885,23.76915,74.1667,11.625639,1097,5172,6269
336,02-12-2018,4,0,12,0,0,0,1,12.880847,16.57165,62.5833,6.750518,268,3672,3940
440,16-03-2019,1,1,3,0,6,0,2,17.869153,21.81145,84.2083,7.583864,548,3830,4378
264,21-09-2018,3,0,9,0,5,1,2,24.395,27.52665,90.0,6.4590814,539,3813,4352
143,23-05-2018,2,0,5,0,3,1,2,25.898347,29.5148,81.0,15.667414,836,3438,4274
246,03-09-2018,3,0,9,0,1,1,1,27.435847,31.66065,71.6667,12.416775,1935,2549,4484
28,28-01-2018,1,0,1,0,0,0,2,8.342598,11.16585,79.3043,8.2611,38,1129,1167
442,18-03-2019,1,1,3,0,1,1,2,19.3725,23.2,81.0,8.501161,2207,3685,5892
139,19-05-2018,2,0,5,0,6,0,2,21.764153,25.5371,82.9583,7.250271,735,3840,4575
364,30-12-2018,1,0,12,0,0,0,1,12.778347,15.9406,63.6667,9.000579,491,2508,2999
90,31-03-2018,2,0,3,0,6,0,3,11.001653,12.87875,91.8333,14.582282,179,1506,1685
24,24-01-2018,1,0,1,0,3,1,1,3.9930433,5.8965,49.1739,10.60811,86,1330,1416
609,01-09-2019,3,1,9,0,0,0,2,30.886653,35.1327,63.8333,7.583529,2352,3788,6140
80,21-03-2018,2,0,3,0,3,1,2,17.647835,20.48675,73.7391,19.348461,401,1676,2077
126,06-05-2018,2,0,5,0,0,0,1,19.645847,23.70585,59.0,15.292482,894,3714,4608
243,31-08-2018,3,0,8,0,5,1,1,26.923347,30.55605,59.7917,5.5833311,688,4370,5058
371,06-01-2019,1,1,1,0,0,0,1,13.700847,17.01335,54.2083,11.249836,307,3791,4098
684,15-11-2019,4,1,11,0,5,1,2,13.188347,16.2246,62.0417,10.250129,320,5125,5445
327,23-11-2018,4,0,11,0,5,1,2,18.074153,21.52685,75.7917,22.500275,112,2454,2566
580,03-08-2019,3,1,8,0,6,0,2,31.399153,36.14335,64.25,14.458064,1328,5847,7175
658,20-10-2019,4,1,10,0,0,0,1,19.850847,23.6421,57.2917,7.874979,2806,5284,8090
505,20-05-2019,2,1,5,0,1,1,1,25.454153,29.19835,53.0417,17.042589,2704,4425,7129
409,13-02-2019,1,1,2,0,3,1,1,9.1225,11.39565,41.125,11.207961,94,3328,3422
728,29-12-2019,1,1,12,0,0,0,2,10.386653,12.12,75.2917,8.333661,159,1182,1341
82,23-03-2018,2,0,3,0,5,1,2,14.225237,16.89695,83.9565,15.695487,203,1918,2121
469,14-04-2019,2,1,4,0,0,0,1,20.295,24.3998,50.2917,12.791439,2795,4665,7460
232,20-08-2018,3,0,8,0,1,1,1,28.5975,32.4498,67.4167,6.999289,1914,3277,5191
502,17-05-2019,2,1,5,0,5,1,1,24.326653,28.63065,52.0,15.374825,1242,6142,7384
38,07-02-2018,1,0,2,0,3,1,1,11.138347,15.1829,73.8333,3.0423561,120,1592,1712
141,21-05-2018,2,0,5,0,1,1,1,24.7025,28.59875,62.6667,8.08355,2258,3547,5805
547,01-07-2019,3,1,7,0,1,1,1,33.449153,37.53145,51.875,11.291443,1421,4110,5531
638,30-09-2019,4,1,9,0,1,1,1,21.593347,25.88315,58.3333,9.042186,2015,4874,6889
237,25-08-2018,3,0,8,0,6,0,2,28.050847,32.2927,77.1667,14.125811,435,3107,3542
417,21-02-2019,1,1,2,0,4,1,1,11.800866,14.75565,59.4348,13.783039,163,3614,3777
689,20-11-2019,4,1,11,0,3,1,2,15.340847,19.03335,68.5,5.542575,534,5100,5634
605,28-08-2019,3,1,8,0,3,1,1,29.861653,33.3025,62.0,12.791975,935,6105,7040
622,14-09-2019,3,1,9,0,6,0,1,25.966653,29.70415,67.25,6.958821,1379,6630,8009
584,07-08-2019,3,1,8,0,3,1,2,30.169153,34.88105,70.375,7.832836,1278,5995,7273
674,05-11-2019,4,1,11,0,2,1,1,13.085847,15.40375,49.4167,15.833775,378,4881,5259
333,29-11-2018,4,0,11,0,4,1,2,18.791653,22.56875,83.0833,17.292164,96,2818,2914
270,27-09-2018,4,0,9,0,4,1,2,26.103347,28.72625,88.5417,7.917457,477,3643,4120
338,04-12-2018,4,0,12,0,2,1,1,13.564153,17.455,77.5833,5.6252061,634,2851,3485
92,02-04-2018,2,0,4,0,1,1,2,12.915,15.78185,65.375,13.208782,898,1354,2252
81,22-03-2018,2,0,3,0,4,1,1,18.108347,22.0321,62.4583,15.12525,460,2243,2703
704,05-12-2019,4,1,12,0,4,1,1,17.971653,21.4006,48.5,21.709407,331,5398,5729
